PRODUCT_ID,COMMODITY_DESC,baseline,price,theta
1020581,PORK,13.0,5.289285714285715,2.045015743745765
1105488,GRAPES,19.5,4.050645161290323,2.045015743745765
1127831,BERRIES,20.857142857142858,2.99,2.045015743745765
965267,MELONS,4.125,4.99,2.045015743745765
930118,STONE FRUIT,2.7142857142857144,6.463703703703704,2.045015743745765
825343,BEEF,2.75,9.551052631578948,2.247738095727742
828106,BEEF,1.3333333333333333,11.23,2.247738095727742
12810393,PORK,8.0,5.406,2.045015743745765
5569230,SOFT DRINKS,27.0,4.6899999999999995,3.026881521358469
5568378,BAG SNACKS,27.666666666666668,2.75,2.045015743745765
1138443,DELI MEATS,5.5,5.12125,4.9980738897610095
5569471,SOFT DRINKS,11.333333333333334,4.6899999999999995,3.026881521358469
5569374,SOFT DRINKS,4.666666666666667,4.6899999999999995,3.026881521358469
826249,BAKED BREAD/BUNS/ROLLS,74.33333333333333,1.29,0.8926920274534148
872137,BUTTER,9.625,3.69,2.045015743745765
871061,MEAT - MISC,2.6666666666666665,9.99,2.1614640433238845
1122358,REFRGRATD JUICES/DRNKS,12.0,3.13,2.045015743745765
1110843,SALAD BAR,18.125,4.18517316017316,2.045015743745765
1108094,BEERS/ALES,3.25,11.99,5.640963519811617
1106523,FLUID MILK PRODUCTS,108.375,2.554657313336558,2.822702306265584
883003,DELI MEATS,5.25,4.809523809523809,4.9980738897610095
880150,BEEF,16.166666666666668,4.194444444444445,2.247738095727742
878996,GRAPES,39.666666666666664,3.6670497311827956,2.045015743745765
8090537,SOFT DRINKS,9.0,4.59,3.026881521358469
893018,CHEESE,10.8,2.99,2.2717938456820943
885863,DELI MEATS,7.666666666666667,5.080576923076924,4.9980738897610095
883404,BAKED BREAD/BUNS/ROLLS,79.0,1.29,0.8926920274534148
903325,BROCCOLI/CAULIFLOWER,43.57142857142857,1.79,2.045015743745765
901062,APPLES,21.5,2.69,2.045015743745765
899624,POTATOES,42.285714285714285,3.7383333333333337,2.045015743745765
908531,FLUID MILK PRODUCTS,29.0,1.8743269230769233,2.822702306265584
904360,VEGETABLES SALAD,4.125,0.99,2.045015743745765
904129,MEAT - MISC,1.0,8.99,2.1614640433238845
1101173,DINNER MXS:DRY,12.333333333333334,2.49,2.045015743745765
1101010,DELI MEATS,16.333333333333332,2.8390909090909093,4.9980738897610095
5585510,TOMATOES,19.75,2.99,1.7057496359224855
866211,GRAPES,34.666666666666664,3.8855128205128207,2.045015743745765
12262778,BEEF,2.6666666666666665,12.34,2.247738095727742
878715,BEERS/ALES,4.75,15.99,5.640963519811617
874972,BEEF,6.666666666666667,9.3,2.247738095727742
910032,HOT DOGS,4.0,3.29,2.045015743745765
909894,REFRGRATD JUICES/DRNKS,13.333333333333334,1.9,2.045015743745765
909714,APPLES,18.333333333333332,2.747727272727273,2.045015743745765
923746,EGGS,46.8,1.57,2.045015743745765
914190,CHEESE,19.666666666666668,1.99,2.2717938456820943
913210,WATER - CARBONATED/FLVRD DRINK,28.625,3.99,2.045015743745765
944534,BEEF,6.6,4.291666666666667,2.247738095727742
940947,HEAT/SERVE,18.833333333333332,2.99,2.045015743745765
933835,DELI MEATS,22.666666666666668,3.335909090909091,4.9980738897610095
8090532,SOFT DRINKS,4.333333333333333,4.59,3.026881521358469
948670,TICKETS,8.125,7.400000000000001,2.045015743745765
948650,BEEF,3.3333333333333335,7.50235294117647,2.247738095727742
863762,PREPAID WIRELESS&ACCESSORIES,2.375,20.0,2.045015743745765
863447,BEEF,4.4,7.772500000000001,2.247738095727742
866227,BREAKFAST SWEETS,82.0,0.5,2.045015743745765
944836,BEEF,13.375,3.99,2.247738095727742
1098844,CITRUS,13.142857142857142,6.989999999999999,2.045015743745765
1098066,BAKED BREAD/BUNS/ROLLS,72.33333333333333,1.29,0.8926920274534148
1096036,CHEESE,29.666666666666668,1.841824769433465,2.2717938456820943
951590,BAKED BREAD/BUNS/ROLLS,56.666666666666664,1.977408229124647,0.8926920274534148
951412,VEGETABLES - ALL OTHERS,10.6,3.74,2.045015743745765
949023,INFANT FORMULA,6.0,3.99,2.045015743745765
962568,VEGETABLES - ALL OTHERS,50.375,1.3072727272727274,2.045015743745765
961554,CARROTS,49.8,1.69,2.045015743745765
957736,WATER - CARBONATED/FLVRD DRINK,5.666666666666667,5.99,2.045015743745765
976199,BUTTER,16.571428571428573,3.4049999999999994,2.045015743745765
968072,BEEF,1.25,9.215,2.247738095727742
862349,FLUID MILK PRODUCTS,26.0,1.8787500000000001,2.822702306265584
860776,VEGETABLES - ALL OTHERS,74.375,0.69,2.045015743745765
854852,TOMATOES,26.875,3.2150048875855326,1.7057496359224855
865456,CHEESE,13.75,3.99,2.2717938456820943
965766,CHEESE,18.333333333333332,2.19,2.2717938456820943
985999,CHICKEN,5.5,6.752580645161291,2.045015743745765
983584,FLUID MILK PRODUCTS,14.0,2.5328195488721805,2.822702306265584
981760,EGGS,101.5,1.19,2.045015743745765
1092026,SOFT DRINKS,15.0,1.59,3.026881521358469
1087102,DELI MEATS,6.0,5.3348148148148145,4.9980738897610095
1085604,SOFT DRINKS,20.5,1.29,3.026881521358469
995242,FLUID MILK PRODUCTS,92.66666666666667,1.881889880952381,2.822702306265584
993638,CHICKEN/POULTRY,8.666666666666666,5.99,2.045015743745765
986912,PREPARED FOOD,35.5,2.9301785714285717,2.045015743745765
999858,BEEF,5.666666666666667,4.112857142857143,2.247738095727742
849843,BAKED BREAD/BUNS/ROLLS,43.0,1.29,0.8926920274534148
849202,BEERS/ALES,7.0,8.46857142857143,5.640963519811617
1133018,FLUID MILK PRODUCTS,47.0,1.8780487804878048,2.822702306265584
1132771,CHEESES,11.333333333333334,3.736527777777778,2.045015743745765
1126899,FLUID MILK PRODUCTS,52.875,2.566103896103896,2.822702306265584
999779,BEEF,8.333333333333334,5.67,2.247738095727742
995965,SALAD MIX,16.4,2.99,2.4139680398803
995785,PEPPERS-ALL,88.5,0.69,2.045015743745765
1004906,POTATOES,40.714285714285715,2.8687878787878787,2.045015743745765
1000753,BEEF,3.3333333333333335,9.488947368421053,2.247738095727742
8090521,SOFT DRINKS,13.0,4.59,3.026881521358469
1012587,MEAT - MISC,6.0,7.99,2.1614640433238845
1006184,SALAD MIX,7.2,2.99,2.4139680398803
1005186,SALAD BAR,55.25,2.532982456140351,2.045015743745765
1082185,TROPICAL FRUIT,342.0,1.0293386715195632,2.045015743745765
1081177,TOMATOES,35.75,2.4125925925925924,1.7057496359224855
1075368,CIGARETTES,23.125,3.61551724137931,2.045015743745765
847982,SALAD MIX,21.4,1.99,2.4139680398803
845208,ONIONS,30.666666666666668,1.99,2.045015743745765
854405,MEAT - MISC,7.0,9.99,2.1614640433238845
850102,SOFT DRINKS,2.375,7.99,3.026881521358469
1071939,CHEESE,14.666666666666666,1.189788732394366,2.2717938456820943
1025611,MEAT - MISC,2.6666666666666665,7.99,2.1614640433238845
1024306,MELONS,12.2,2.5,2.045015743745765
1018740,DELI MEATS,3.3333333333333335,5.183931623931624,4.9980738897610095
1013928,PREPAID WIRELESS&ACCESSORIES,4.75,10.0,2.045015743745765
1029743,FLUID MILK PRODUCTS,165.125,2.5716481687014427,2.822702306265584
1028816,TROPICAL FRUIT,32.6,1.33725,2.045015743745765
1026118,TOMATOES,28.285714285714285,1.9696666666666667,1.7057496359224855
1038663,BEEF,8.833333333333334,8.95,2.247738095727742
1037840,CIGARETTES,8.125,3.6921052631578952,2.045015743745765
844179,BEEF,27.333333333333332,4.564857565667777,2.247738095727742
840361,EGGS,69.5,1.09,2.045015743745765
12301109,BEEF,17.0,3.735441176470588,2.247738095727742
848029,BEEF,2.5,9.2575,2.247738095727742
1034176,BEERS/ALES,4.0,11.99,5.640963519811617
6034857,TOMATOES,32.6,2.5,1.7057496359224855
1044078,BEEF,40.6,4.003055555555555,2.247738095727742
1043751,DELI MEATS,6.0,4.223333333333334,4.9980738897610095
1040807,CHEESES,7.875,4.492222222222222,2.045015743745765
1070820,FLUID MILK PRODUCTS,54.0,2.5473214285714283,2.822702306265584
1068719,SUGARS/SWEETNERS,29.375,1.9900000000000002,2.045015743745765
1065593,BATH TISSUES,40.375,1.1217321428571427,2.045015743745765
1053690,SOFT DRINKS,30.0,1.59,3.026881521358469
1052294,CIGARETTES,1.625,32.265,2.045015743745765
1051323,BEEF,7.0,6.87,2.247738095727742
839419,MEAT - MISC,4.666666666666667,8.99,2.1614640433238845
836445,MEAT - MISC,5.0,10.99,2.1614640433238845
834117,WATER - CARBONATED/FLVRD DRINK,14.857142857142858,3.99,2.045015743745765
831628,BEEF,2.5,7.8675,2.247738095727742
1065538,BEERS/ALES,3.0,15.9275,5.640963519811617
1058997,FLUID MILK PRODUCTS,30.666666666666668,1.8842857142857143,2.822702306265584
1056509,MILK BY-PRODUCTS,13.333333333333334,2.338640350877193,2.045015743745765
823990,BEEF,4.5,6.226428571428572,2.247738095727742
5569845,SOFT DRINKS,5.0,4.6899999999999995,3.026881521358469
