PRODUCT_ID,COMMODITY_DESC,cat,theta
823990,BEEF,BEEF,2.247738095727742
825343,BEEF,BEEF,2.247738095727742
826249,BAKED BREAD/BUNS/ROLLS,BAKED BREAD/BUNS/ROLLS,0.8926920274534148
828106,BEEF,BEEF,2.247738095727742
831628,BEEF,BEEF,2.247738095727742
834117,WATER - CARBONATED/FLVRD DRINK,OTHER,2.045015743745765
836445,MEAT - MISC,MEAT - MISC,2.1614640433238845
839419,MEAT - MISC,MEAT - MISC,2.1614640433238845
840361,EGGS,OTHER,2.045015743745765
844179,BEEF,BEEF,2.247738095727742
845208,ONIONS,OTHER,2.045015743745765
847982,SALAD MIX,SALAD MIX,2.4139680398803
848029,BEEF,BEEF,2.247738095727742
849202,BEERS/ALES,BEERS/ALES,5.640963519811617
849843,BAKED BREAD/BUNS/ROLLS,BAKED BREAD/BUNS/ROLLS,0.8926920274534148
850102,SOFT DRINKS,SOFT DRINKS,3.026881521358469
854405,MEAT - MISC,MEAT - MISC,2.1614640433238845
854852,TOMATOES,TOMATOES,1.7057496359224857
860776,VEGETABLES - ALL OTHERS,OTHER,2.045015743745765
862349,FLUID MILK PRODUCTS,FLUID MILK PRODUCTS,2.8227023062655836
863447,BEEF,BEEF,2.247738095727742
863762,PREPAID WIRELESS&ACCESSORIES,OTHER,2.045015743745765
865456,CHEESE,CHEESE,2.2717938456820943
866211,GRAPES,OTHER,2.045015743745765
866227,BREAKFAST SWEETS,OTHER,2.045015743745765
871061,MEAT - MISC,MEAT - MISC,2.1614640433238845
872137,BUTTER,OTHER,2.045015743745765
874972,BEEF,BEEF,2.247738095727742
878715,BEERS/ALES,BEERS/ALES,5.640963519811617
878996,GRAPES,OTHER,2.045015743745765
880150,BEEF,BEEF,2.247738095727742
883003,DELI MEATS,DELI MEATS,4.9980738897610095
883404,BAKED BREAD/BUNS/ROLLS,BAKED BREAD/BUNS/ROLLS,0.8926920274534148
885863,DELI MEATS,DELI MEATS,4.9980738897610095
893018,CHEESE,CHEESE,2.2717938456820943
899624,POTATOES,OTHER,2.045015743745765
901062,APPLES,OTHER,2.045015743745765
903325,BROCCOLI/CAULIFLOWER,OTHER,2.045015743745765
904129,MEAT - MISC,MEAT - MISC,2.1614640433238845
904360,VEGETABLES SALAD,OTHER,2.045015743745765
908531,FLUID MILK PRODUCTS,FLUID MILK PRODUCTS,2.8227023062655836
909714,APPLES,OTHER,2.045015743745765
909894,REFRGRATD JUICES/DRNKS,OTHER,2.045015743745765
910032,HOT DOGS,OTHER,2.045015743745765
913210,WATER - CARBONATED/FLVRD DRINK,OTHER,2.045015743745765
914190,CHEESE,CHEESE,2.2717938456820943
923746,EGGS,OTHER,2.045015743745765
930118,STONE FRUIT,OTHER,2.045015743745765
933835,DELI MEATS,DELI MEATS,4.9980738897610095
940947,HEAT/SERVE,OTHER,2.045015743745765
944534,BEEF,BEEF,2.247738095727742
944836,BEEF,BEEF,2.247738095727742
948650,BEEF,BEEF,2.247738095727742
948670,TICKETS,OTHER,2.045015743745765
949023,INFANT FORMULA,OTHER,2.045015743745765
951412,VEGETABLES - ALL OTHERS,OTHER,2.045015743745765
951590,BAKED BREAD/BUNS/ROLLS,BAKED BREAD/BUNS/ROLLS,0.8926920274534148
957736,WATER - CARBONATED/FLVRD DRINK,OTHER,2.045015743745765
961554,CARROTS,OTHER,2.045015743745765
962568,VEGETABLES - ALL OTHERS,OTHER,2.045015743745765
965267,MELONS,OTHER,2.045015743745765
965766,CHEESE,CHEESE,2.2717938456820943
968072,BEEF,BEEF,2.247738095727742
976199,BUTTER,OTHER,2.045015743745765
981760,EGGS,OTHER,2.045015743745765
983584,FLUID MILK PRODUCTS,FLUID MILK PRODUCTS,2.8227023062655836
985999,CHICKEN,OTHER,2.045015743745765
986912,PREPARED FOOD,OTHER,2.045015743745765
993638,CHICKEN/POULTRY,OTHER,2.045015743745765
995242,FLUID MILK PRODUCTS,FLUID MILK PRODUCTS,2.8227023062655836
995785,PEPPERS-ALL,OTHER,2.045015743745765
995965,SALAD MIX,SALAD MIX,2.4139680398803
999779,BEEF,BEEF,2.247738095727742
999858,BEEF,BEEF,2.247738095727742
1000753,BEEF,BEEF,2.247738095727742
1004906,POTATOES,OTHER,2.045015743745765
1005186,SALAD BAR,OTHER,2.045015743745765
1006184,SALAD MIX,SALAD MIX,2.4139680398803
1012587,MEAT - MISC,MEAT - MISC,2.1614640433238845
1013928,PREPAID WIRELESS&ACCESSORIES,OTHER,2.045015743745765
1018740,DELI MEATS,DELI MEATS,4.9980738897610095
1020581,PORK,OTHER,2.045015743745765
1024306,MELONS,OTHER,2.045015743745765
1025611,MEAT - MISC,MEAT - MISC,2.1614640433238845
1026118,TOMATOES,TOMATOES,1.7057496359224857
1028816,TROPICAL FRUIT,OTHER,2.045015743745765
1029743,FLUID MILK PRODUCTS,FLUID MILK PRODUCTS,2.8227023062655836
1034176,BEERS/ALES,BEERS/ALES,5.640963519811617
1037840,CIGARETTES,OTHER,2.045015743745765
1038663,BEEF,BEEF,2.247738095727742
1040807,CHEESES,OTHER,2.045015743745765
1043751,DELI MEATS,DELI MEATS,4.9980738897610095
1044078,BEEF,BEEF,2.247738095727742
1051323,BEEF,BEEF,2.247738095727742
1052294,CIGARETTES,OTHER,2.045015743745765
1053690,SOFT DRINKS,SOFT DRINKS,3.026881521358469
1056509,MILK BY-PRODUCTS,OTHER,2.045015743745765
1058997,FLUID MILK PRODUCTS,FLUID MILK PRODUCTS,2.8227023062655836
1065538,BEERS/ALES,BEERS/ALES,5.640963519811617
1065593,BATH TISSUES,OTHER,2.045015743745765
1068719,SUGARS/SWEETNERS,OTHER,2.045015743745765
1070820,FLUID MILK PRODUCTS,FLUID MILK PRODUCTS,2.8227023062655836
1071939,CHEESE,CHEESE,2.2717938456820943
1075368,CIGARETTES,OTHER,2.045015743745765
1081177,TOMATOES,TOMATOES,1.7057496359224857
1082185,TROPICAL FRUIT,OTHER,2.045015743745765
1085604,SOFT DRINKS,SOFT DRINKS,3.026881521358469
1087102,DELI MEATS,DELI MEATS,4.9980738897610095
1092026,SOFT DRINKS,SOFT DRINKS,3.026881521358469
1096036,CHEESE,CHEESE,2.2717938456820943
1098066,BAKED BREAD/BUNS/ROLLS,BAKED BREAD/BUNS/ROLLS,0.8926920274534148
1098844,CITRUS,OTHER,2.045015743745765
1101010,DELI MEATS,DELI MEATS,4.9980738897610095
1101173,DINNER MXS:DRY,OTHER,2.045015743745765
1105488,GRAPES,OTHER,2.045015743745765
1106523,FLUID MILK PRODUCTS,FLUID MILK PRODUCTS,2.8227023062655836
1108094,BEERS/ALES,BEERS/ALES,5.640963519811617
1110843,SALAD BAR,OTHER,2.045015743745765
1122358,REFRGRATD JUICES/DRNKS,OTHER,2.045015743745765
1126899,FLUID MILK PRODUCTS,FLUID MILK PRODUCTS,2.8227023062655836
1127831,BERRIES,OTHER,2.045015743745765
1132771,CHEESES,OTHER,2.045015743745765
1133018,FLUID MILK PRODUCTS,FLUID MILK PRODUCTS,2.8227023062655836
1138443,DELI MEATS,DELI MEATS,4.9980738897610095
5568378,BAG SNACKS,OTHER,2.045015743745765
5569230,SOFT DRINKS,SOFT DRINKS,3.026881521358469
5569374,SOFT DRINKS,SOFT DRINKS,3.026881521358469
5569471,SOFT DRINKS,SOFT DRINKS,3.026881521358469
5569845,SOFT DRINKS,SOFT DRINKS,3.026881521358469
5585510,TOMATOES,TOMATOES,1.7057496359224857
6034857,TOMATOES,TOMATOES,1.7057496359224857
8090521,SOFT DRINKS,SOFT DRINKS,3.026881521358469
8090532,SOFT DRINKS,SOFT DRINKS,3.026881521358469
8090537,SOFT DRINKS,SOFT DRINKS,3.026881521358469
12262778,BEEF,BEEF,2.247738095727742
12301109,BEEF,BEEF,2.247738095727742
12810393,PORK,OTHER,2.045015743745765
